Workbook

Sheet Pivot Table  for Recovery Avail
A3: Sum of Customer_ID | B3: Column Labels
A4: Row Labels | B4: 0 | C4: 0.106 | D4: 1 | E4: 106 | F4: Grand Total
A5: 0 | B5: 430585 | D5: 2441 | F5: 433026
A6: 1 | B6: 14778 | D6: 52696 | F6: 67474
A7: (blank)
A8: Grand Total | B8: 445363 | D8: 55137 | F8: 500500

Sheet Corporate_Data
A1: Customer_ID | B1: Observation_Month | C1: Revenue | D1: Debt | E1: DSCR | F1: Debt_to_Equity | G1: Liquidity_Ratio | H1: Credit_Score | I1: Default_Flag | J1: Recovery_Amount_90D | K1: Default_Flag_Original | L1: Performance_Window_Months | M1: Population | N1: Risk_Score | O1: Recovery_Available | P1: Default Flag Mismatch
A2: 1 | B2: 45108 | C2: 42994 | D2: 9488 | E2: 2.68 | F2: 0.25 | G2: 1.32 | H2: 670 | I2: 0 | K2: 0 | L2: 12 | M2: Development | N2: 0 | O2: =IF(J2="",0,1) -> 0 | P2: =IF(I2=K2,0,1) -> 0
A3: 2 | B3: 45505 | C3: 20175 | D3: 6101 | E3: 0.93 | F3: 0.43 | G3: 1.05 | H3: 674 | I3: 0 | K3: 0 | L3: 18 | M3: Validation | N3: 0.3 | O3: =IF(J3="",0,1) -> 0 | P3: =IF(I3=K3,0,1) -> 0
A4: 3 | B4: 45352 | C4: 55000 | D4: 14744 | E4: 1.81 | F4: 2.58 | G4: 1.44 | H4: 751 | I4: 1 | J4: 2220 | K4: 1 | L4: 12 | M4: Validation | N4: 0.35 | O4: =IF(J4="",0,1) -> 1 | P4: =IF(I4=K4,0,1) -> 0
A5: 4 | B5: 45231 | C5: 12333 | D5: 3874 | E5: 1.04 | F5: 3.32 | G5: 1.87 | H5: 639 | I5: 0 | K5: 0 | L5: 12 | M5: Development | N5: 0.35 | O5: =IF(J5="",0,1) -> 0 | P5: =IF(I5=K5,0,1) -> 0
A6: 5 | B6: 45139 | C6: 34789 | D6: 16751 | E6: 1.86 | F6: 0.84 | G6: 1.63 | H6: 752 | I6: 0 | K6: 0 | L6: 12 | M6: Development | N6: 0 | O6: =IF(J6="",0,1) -> 0 | P6: =IF(I6=K6,0,1) -> 0
A7: 6 | B7: 45536 | C7: 16528 | D7: 12048 | E7: 1.04 | F7: 0.38 | G7: 0.87 | H7: 692 | I7: 0 | K7: 0 | L7: 18 | M7: Validation | N7: 0 | O7: =IF(J7="",0,1) -> 0 | P7: =IF(I7=K7,0,1) -> 0
A8: 7 | B8: 45108 | C8: 23773 | D8: 9641 | E8: 1.32 | F8: 3.92 | G8: 1.76 | H8: 671 | I8: 0 | K8: 0 | L8: 18 | M8: Development | N8: 0.35 | O8: =IF(J8="",0,1) -> 0 | P8: =IF(I8=K8,0,1) -> 0
A9: 8 | B9: 45474 | C9: 37452 | D9: 4375 | E9: 1.39 | F9: 2.76 | G9: 1 | H9: 818 | I9: 0 | K9: 0 | L9: 12 | M9: Validation | N9: 0.35 | O9: =IF(J9="",0,1) -> 0 | P9: =IF(I9=K9,0,1) -> 0
A10: 9 | B10: 45597 | C10: 20759 | D10: 19140 | E10: 2.09 | F10: 1.46 | G10: 1.47 | H10: 622 | I10: 0 | K10: 0 | L10: 6 | M10: Validation | N10: 0 | O10: =IF(J10="",0,1) -> 0 | P10: =IF(I10=K10,0,1) -> 0
A11: 10 | B11: 45231 | C11: 28284 | D11: 9201 | E11: 2.06 | F11: 0.51 | G11: 1.18 | H11: 661 | I11: 0 | K11: 0 | L11: 18 | M11: Development | N11: 0 | O11: =IF(J11="",0,1) -> 0 | P11: =IF(I11=K11,0,1) -> 0
A12: 11 | B12: 45231 | C12: 69849 | D12: 5890 | F12: 0.87 | G12: 1.23 | H12: 612 | I12: 0 | K12: 0 | L12: 18 | M12: Development | N12: 0 | O12: =IF(J12="",0,1) -> 0 | P12: =IF(I12=K12,0,1) -> 0
A13: 12 | B13: 45627 | C13: 24960 | D13: 1789 | E13: 1.58 | F13: 0.81 | G13: 1.77 | H13: 732 | I13: 0 | K13: 0 | L13: 12 | M13: Validation | N13: 0 | O13: =IF(J13="",0,1) -> 0 | P13: =IF(I13=K13,0,1) -> 0
A14: 13 | B14: 45536 | C14: 62517 | D14: 13105 | E14: 1.16 | F14: 1.14 | G14: 0.78 | H14: 773 | I14: 0 | K14: 0 | L14: 18 | M14: Validation | N14: 0.15 | O14: =IF(J14="",0,1) -> 0 | P14: =IF(I14=K14,0,1) -> 0
A15: 14 | B15: 45017 | C15: 17426 | D15: 46193 | E15: 0.86 | F15: 2.5 | G15: 2.42 | H15: 772 | I15: 0 | K15: 0 | L15: 12 | M15: Development | N15: 0.65 | O15: =IF(J15="",0,1) -> 0 | P15: =IF(I15=K15,0,1) -> 0
A16: 15 | B16: 45139 | C16: 51245 | D16: 42740 | E16: 1.43 | F16: 1.67 | G16: 0.35 | H16: 747 | I16: 0 | K16: 0 | L16: 12 | M16: Development | N16: 0.15 | O16: =IF(J16="",0,1) -> 0 | P16: =IF(I16=K16,0,1) -> 0
A17: 16 | B17: 45627 | C17: 92690 | D17: 9701 | E17: 1.38 | F17: 0.43 | G17: 1.02 | H17: 669 | I17: 0 | K17: 0 | L17: 12 | M17: Validation | N17: 0 | O17: =IF(J17="",0,1) -> 0 | P17: =IF(I17=K17,0,1) -> 0
A18: 17 | B18: 44986 | C18: 7284 | D18: 8764 | E18: 2.88 | F18: 2.37 | G18: 1.55 | H18: 660 | I18: 0 | K18: 0 | L18: 12 | M18: Development | N18: 0.35 | O18: =IF(J18="",0,1) -> 0 | P18: =IF(I18=K18,0,1) -> 0
A19: 18 | B19: 45566 | C19: 21634 | D19: 18548 | E19: 1.79 | F19: 1.13 | G19: 1.67 | H19: 588 | I19: 0 | K19: 0 | L19: 18 | M19: Validation | N19: 0.2 | O19: =IF(J19="",0,1) -> 0 | P19: =IF(I19=K19,0,1) -> 0
A20: 19 | B20: 45536 | C20: 52844 | D20: 6642 | E20: 0.79 | F20: 1.46 | G20: 1.29 | H20: 792 | I20: 0 | K20: 0 | L20: 6 | M20: Validation | N20: 0.3 | O20: =IF(J20="",0,1) -> 0 | P20: =IF(I20=K20,0,1) -> 0
A21: 20 | B21: 44958 | C21: 31825 | D21: 16502 | E21: 1.24 | F21: 2.53 | G21: 1.32 | H21: 706 | I21: 0 | K21: 0 | L21: 18 | M21: Development | N21: 0.35 | O21: =IF(J21="",0,1) -> 0 | P21: =IF(I21=K21,0,1) -> 0
A22: 21 | B22: 45627 | C22: 46224 | D22: 22840 | E22: 2.11 | F22: 0.42 | G22: 1.58 | H22: 653 | I22: 0 | K22: 0 | L22: 12 | M22: Validation | N22: 0 | O22: =IF(J22="",0,1) -> 0 | P22: =IF(I22=K22,0,1) -> 0
A23: 22 | B23: 45261 | C23: 24524 | D23: 31535 | E23: 2.7 | F23: 0.88 | G23: 1.22 | H23: 753 | I23: 0 | K23: 0 | L23: 6 | M23: Development | N23: 0 | O23: =IF(J23="",0,1) -> 0 | P23: =IF(I23=K23,0,1) -> 0
A24: 23 | B24: 45078 | C24: 38418 | D24: 12455 | E24: 0.68 | F24: 0.62 | G24: 2.12 | H24: 626 | I24: 0 | K24: 0 | L24: 12 | M24: Development | N24: 0.3 | O24: =IF(J24="",0,1) -> 0 | P24: =IF(I24=K24,0,1) -> 0
A25: 24 | B25: 44958 | C25: 32821 | D25: 11585 | E25: 0.52 | F25: 0.3 | G25: 1.81 | H25: 702 | I25: 0 | K25: 0 | L25: 12 | M25: Development | N25: 0.3 | O25: =IF(J25="",0,1) -> 0 | P25: =IF(I25=K25,0,1) -> 0
A26: 25 | B26: 45536 | C26: 77579 | D26: 7226 | E26: 2.58 | F26: 1.15 | G26: 1.83 | I26: 0 | K26: 0 | L26: 18 | M26: Validation | N26: 0 | O26: =IF(J26="",0,1) -> 0 | P26: =IF(I26=K26,0,1) -> 0
A27: 26 | B27: 44927 | C27: 42846 | D27: 7489 | E27: 1.76 | F27: 5.25 | G27: 0.82 | H27: 715 | I27: 0 | K27: 0 | L27: 18 | M27: Development | N27: 0.35 | O27: =IF(J27="",0,1) -> 0 | P27: =IF(I27=K27,0,1) -> 0
A28: 27 | B28: 45261 | C28: 45227 | D28: 11401 | E28: 1.07 | F28: 0.25 | G28: 1.31 | H28: 677 | I28: 0 | K28: 0 | L28: 6 | M28: Development | N28: 0 | O28: =IF(J28="",0,1) -> 0 | P28: =IF(I28=K28,0,1) -> 0
A29: 28 | B29: 45566 | C29: 27786 | D29: 17277 | E29: 1.84 | F29: 0.88 | G29: 1.18 | H29: 600 | I29: 0 | K29: 0 | L29: 6 | M29: Validation | N29: 0 | O29: =IF(J29="",0,1) -> 0 | P29: =IF(I29=K29,0,1) -> 0
A30: 29 | B30: 45261 | C30: 26451 | D30: 25324 | E30: 0.2 | F30: 1.42 | G30: 0.8 | H30: 684 | I30: 0 | K30: 0 | L30: 18 | M30: Development | N30: 0.3 | O30: =IF(J30="",0,1) -> 0 | P30: =IF(I30=K30,0,1) -> 0
A31: 30 | B31: 45413 | C31: 27415 | D31: 7614 | E31: 1.55 | F31: 0.99 | G31: 1.55 | H31: 738 | I31: 0 | K31: 0 | L31: 12 | M31: Validation | N31: 0 | O31: =IF(J31="",0,1) -> 0 | P31: =IF(I31=K31,0,1) -> 0
A32: 31 | B32: 45200 | C32: 46929 | D32: 37983 | E32: 1.73 | F32: 0.84 | G32: 1.05 | H32: 678 | I32: 0 | K32: 0 | L32: 12 | M32: Development | N32: 0 | O32: =IF(J32="",0,1) -> 0 | P32: =IF(I32=K32,0,1) -> 0
A33: 32 | B33: 45383 | C33: 27622 | D33: 11050 | E33: 2.06 | F33: 0.36 | G33: 1.71 | H33: 723 | I33: 0 | K33: 0 | L33: 6 | M33: Validation | N33: 0 | O33: =IF(J33="",0,1) -> 0 | P33: =IF(I33=K33,0,1) -> 0
A34: 33 | B34: 45352 | C34: 43842 | D34: 13161 | E34: 0.99 | F34: 1.06 | G34: 0.76 | H34: 622 | I34: 0 | K34: 0 | L34: 12 | M34: Validation | N34: 0.45 | O34: =IF(J34="",0,1) -> 0 | P34: =IF(I34=K34,0,1) -> 0
A35: 34 | B35: 45352 | C35: 139946 | D35: 7918 | E35: 1.6 | F35: 0.53 | G35: 2.3 | H35: 679 | I35: 0 | K35: 0 | L35: 18 | M35: Validation | N35: 0 | O35: =IF(J35="",0,1) -> 0 | P35: =IF(I35=K35,0,1) -> 0
A36: 35 | B36: 45474 | C36: 63974 | D36: 2448 | E36: 1.04 | F36: 0.2 | G36: 0.86 | H36: 646 | I36: 1 | K36: 0 | L36: 12 | M36: Validation | N36: 0 | O36: =IF(J36="",0,1) -> 0 | P36: =IF(I36=K36,0,1) -> 1
A37: 36 | B37: 45261 | C37: 29380 | D37: 24806 | E37: 1.69 | F37: 2.09 | G37: 1.47 | H37: 721 | I37: 0 | K37: 0 | L37: 6 | M37: Development | N37: 0.35 | O37: =IF(J37="",0,1) -> 0 | P37: =IF(I37=K37,0,1) -> 0
A38: 37 | B38: 45597 | C38: 79284 | D38: 22377 | E38: 1.06 | F38: 1.77 | G38: 1.79 | H38: 682 | I38: 0 | K38: 0 | L38: 12 | M38: Validation | N38: 0 | O38: =IF(J38="",0,1) -> 0 | P38: =IF(I38=K38,0,1) -> 0
... A40: 39 | B40: 44986 | C40: 9655 | D40: 14001 | E40: 1 | F40: 1.06 | G40: 1.82 | H40: 740 | I40: 0 | K40: 0 | L40: 12 | M40: Development | N40: 0 | O40: =IF(J40="",0,1) -> 0 | P40: =IF(I40=K40,0,1) -> 0
A41: 40 | B41: 45047 | C41: 18859 | D41: 19171 | E41: 1.91 | F41: 1.92 | G41: 0.67 | H41: 718 | I41: 1 | J41: 26504 | K41: 1 | L41: 12 | M41: Development | N41: 0.15 | O41: =IF(J41="",0,1) -> 1 | P41: =IF(I41=K41,0,1) -> 0
A42: 41 | B42: 45474 | C42: 10764 | D42: 4475 | E42: 2.02 | F42: 1.06 | G42: 2.15 | H42: 695 | I42: 0 | K42: 0 | L42: 12 | M42: Validation | N42: 0 | O42: =IF(J42="",0,1) -> 0 | P42: =IF(I42=K42,0,1) -> 0
A43: 42 | B43: 45108 | C43: 28898 | D43: 9225 | E43: 1.42 | F43: 1.7 | G43: 1.36 | H43: 625 | I43: 0 | K43: 0 | L43: 12 | M43: Development | N43: 0 | O43: =IF(J43="",0,1) -> 0 | P43: =IF(I43=K43,0,1) -> 0
A44: 43 | B44: 45536 | C44: 36753 | D44: 23295 | E44: 1.57 | F44: 0.73 | G44: 1.02 | H44: 680 | I44: 0 | K44: 0 | L44: 6 | M44: Validation | N44: 0 | O44: =IF(J44="",0,1) -> 0 | P44: =IF(I44=K44,0,1) -> 0
A45: 44 | B45: 45170 | C45: 107978 | D45: 5552 | E45: 0.75 | F45: 2.27 | G45: 1.19 | H45: 651 | I45: 0 | K45: 0 | L45: 6 | M45: Development | N45: 0.65 | O45: =IF(J45="",0,1) -> 0 | P45: =IF(I45=K45,0,1) -> 0
A46: 45 | B46: 45108 | C46: 44914 | D46: 16407 | E46: 1.39 | F46: 1.13 | G46: 1.79 | H46: 661 | I46: 0 | K46: 0 | L46: 12 | M46: Development | N46: 0 | O46: =IF(J46="",0,1) -> 0 | P46: =IF(I46=K46,0,1) -> 0
A47: 46 | B47: 45444 | C47: 31495 | D47: 5169 | E47: 1.52 | F47: 1.04 | G47: 1.03 | H47: 659 | I47: 0 | K47: 0 | L47: 12 | M47: Validation | N47: 0 | O47: =IF(J47="",0,1) -> 0 | P47: =IF(I47=K47,0,1) -> 0
A48: 47 | B48: 45017 | C48: 62262 | D48: 18518 | E48: 2.99 | F48: 0.37 | G48: 0.94 | H48: 626 | I48: 0 | K48: 0 | L48: 12 | M48: Development | N48: 0 | O48: =IF(J48="",0,1) -> 0 | P48: =IF(I48=K48,0,1) -> 0
A49: 48 | B49: 45323 | C49: 8628 | D49: 13031 | E49: 0.94 | F49: 1.11 | G49: 1.23 | H49: 572 | I49: 0 | K49: 0 | L49: 12 | M49: Validation | N49: 0.5 | O49: =IF(J49="",0,1) -> 0 | P49: =IF(I49=K49,0,1) -> 0
A50: 49 | B50: 45444 | C50: 42326 | D50: 4313 | E50: 2.36 | F50: 0.51 | G50: 0.7 | H50: 643 | I50: 1 | J50: 48971 | K50: 1 | L50: 18 | M50: Validation | N50: 0.15 | O50: =IF(J50="",0,1) -> 1 | P50: =IF(I50=K50,0,1) -> 0
A51: 50 | B51: 45170 | C51: 59938 | D51: 30192 | E51: 2.1 | F51: 0.58 | G51: 2.35 | H51: 691 | I51: 0 | K51: 0 | L51: 12 | M51: Development | N51: 0 | O51: =IF(J51="",0,1) -> 0 | P51: =IF(I51=K51,0,1) -> 0
A52: 51 | B52: 45536 | C52: 13890 | D52: 7989 | E52: 1.7 | F52: 0.51 | G52: 1.04 | H52: 606 | I52: 0 | K52: 0 | L52: 12 | M52: Validation | N52: 0 | O52: =IF(J52="",0,1) -> 0 | P52: =IF(I52=K52,0,1) -> 0
A53: 52 | B53: 44958 | C53: 76377 | D53: 7577 | E53: 2.52 | F53: 0.43 | G53: 1.81 | H53: 681 | I53: 0 | K53: 0 | L53: 12 | M53: Development | N53: 0 | O53: =IF(J53="",0,1) -> 0 | P53: =IF(I53=K53,0,1) -> 0
A54: 53 | B54: 45505 | C54: 45253 | D54: 15373 | E54: 1.75 | F54: 4 | G54: 1.47 | H54: 785 | I54: 0 | K54: 0 | L54: 18 | M54: Validation | N54: 0.35 | O54: =IF(J54="",0,1) -> 0 | P54: =IF(I54=K54,0,1) -> 0
A55: 54 | B55: 45352 | C55: 27724 | D55: 29853 | E55: 1.76 | F55: 2.3 | G55: 0.81 | H55: 736 | I55: 0 | K55: 0 | L55: 6 | M55: Validation | N55: 0.35 | O55: =IF(J55="",0,1) -> 0 | P55: =IF(I55=K55,0,1) -> 0
A56: 55 | B56: 45108 | C56: 54792 | D56: 6561 | E56: 1.52 | F56: 3.47 | G56: 1.35 | H56: 770 | I56: 0 | K56: 0 | L56: 12 | M56: Development | N56: 0.35 | O56: =IF(J56="",0,1) -> 0 | P56: =IF(I56=K56,0,1) -> 0
A57: 56 | B57: 45261 | C57: 158887 | D57: 13949 | E57: 2.22 | F57: 0.38 | G57: 1.78 | H57: 702 | I57: 0 | K57: 0 | L57: 18 | M57: Development | N57: 0 | O57: =IF(J57="",0,1) -> 0 | P57: =IF(I57=K57,0,1) -> 0
A58: 57 | B58: 45139 | C58: 40873 | D58: 18037 | E58: 2.15 | F58: 0.95 | G58: 1.25 | H58: 744 | I58: 1 | J58: 14813 | K58: 1 | L58: 12 | M58: Development | N58: 0 | O58: =IF(J58="",0,1) -> 1 | P58: =IF(I58=K58,0,1) -> 0
A59: 58 | B59: 45352 | C59: 42674 | D59: 21702 | E59: 1.21 | F59: 0.37 | G59: 2.01 | H59: 640 | I59: 0 | K59: 0 | L59: 12 | M59: Validation | N59: 0 | O59: =IF(J59="",0,1) -> 0 | P59: =IF(I59=K59,0,1) -> 0
A60: 59 | B60: 44986 | C60: 26941 | D60: 15116 | E60: 0.82 | F60: 0.56 | G60: 1.91 | H60: 645 | I60: 0 | K60: 0 | L60: 18 | M60: Development | N60: 0.3 | O60: =IF(J60="",0,1) -> 0 | P60: =IF(I60=K60,0,1) -> 0
A61: 60 | B61: 45323 | C61: 20902 | D61: 10333 | E61: 1.44 | F61: 0.48 | G61: 1.86 | H61: 529 | I61: 0 | K61: 0 | L61: 18 | M61: Validation | N61: 0.2 | O61: =IF(J61="",0,1) -> 0 | P61: =IF(I61=K61,0,1) -> 0
A62: 61 | B62: 45413 | C62: 62300 | D62: 7485 | E62: 1.11 | F62: 2.15 | G62: 1.1 | H62: 745 | I62: 0 | K62: 0 | L62: 6 | M62: Validation | N62: 0.35 | O62: =IF(J62="",0,1) -> 0 | P62: =IF(I62=K62,0,1) -> 0
A63: 62 | B63: 45017 | C63: 20817 | D63: 14190 | E63: 1.52 | F63: 0.69 | G63: 0.76 | H63: 765 | I63: 0 | K63: 0 | L63: 12 | M63: Development | N63: 0.15 | O63: =IF(J63="",0,1) -> 0 | P63: =IF(I63=K63,0,1) -> 0
A64: 63 | B64: 45444 | C64: 38045 | D64: 6308 | E64: 2.23 | F64: 1.91 | G64: 1.01 | H64: 650 | I64: 0 | K64: 0 | L64: 12 | M64: Validation | N64: 0 | O64: =IF(J64="",0,1) -> 0 | P64: =IF(I64=K64,0,1) -> 0
A65: 64 | B65: 45139 | C65: 26623 | D65: 1729 | E65: 1.3 | F65: 1.38 | G65: 1.46 | H65: 666 | I65: 0 | K65: 0 | L65: 12 | M65: Development | N65: 0 | O65: =IF(J65="",0,1) -> 0 | P65: =IF(I65=K65,0,1) -> 0
A66: 65 | B66: 45017 | C66: 49580 | D66: 18135 | E66: 1.53 | F66: 4.54 | G66: 1.65 | H66: 639 | I66: 0 | K66: 0 | L66: 12 | M66: Development | N66: 0.35 | O66: =IF(J66="",0,1) -> 0 | P66: =IF(I66=K66,0,1) -> 0
A67: 66 | B67: 44958 | C67: 45111 | D67: 25154 | E67: 1.58 | F67: 0.32 | G67: 0.16 | H67: 701 | I67: 0 | K67: 0 | L67: 6 | M67: Development | N67: 0.15 | O67: =IF(J67="",0,1) -> 0 | P67: =IF(I67=K67,0,1) -> 0
A68: 67 | B68: 45078 | C68: 71282 | D68: 2555 | F68: 2.18 | G68: 1.35 | H68: 742 | I68: 0 | K68: 0 | L68: 6 | M68: Development | N68: 0.35 | O68: =IF(J68="",0,1) -> 0 | P68: =IF(I68=K68,0,1) -> 0
A69: 68 | B69: 45566 | C69: 26069 | D69: 6589 | E69: 0.31 | F69: 2.02 | G69: 1.44 | H69: 584 | I69: 1 | K69: 0 | L69: 12 | M69: Validation | N69: 0.85 | O69: =IF(J69="",0,1) -> 0 | P69: =IF(I69=K69,0,1) -> 1
A70: 69 | B70: 45200 | C70: 30473 | D70: 20607 | E70: 1.22 | F70: 0.46 | G70: 1.2 | H70: 703 | I70: 0 | K70: 0 | L70: 12 | M70: Development | N70: 0 | O70: =IF(J70="",0,1) -> 0 | P70: =IF(I70=K70,0,1) -> 0
A71: 70 | B71: 45017 | C71: 19222 | D71: 56401 | E71: 1.67 | F71: 1.83 | G71: 2.06 | H71: 665 | I71: 0 | K71: 0 | L71: 12 | M71: Development | N71: 0 | O71: =IF(J71="",0,1) -> 0 | P71: =IF(I71=K71,0,1) -> 0
A72: 71 | B72: 45566 | C72: 27206 | D72: 13556 | E72: 2.21 | F72: 1.14 | G72: 1.58 | H72: 686 | I72: 0 | K72: 0 | L72: 18 | M72: Validation | N72: 0 | O72: =IF(J72="",0,1) -> 0 | P72: =IF(I72=K72,0,1) -> 0
A73: 72 | B73: 45444 | C73: 46409 | D73: 8026 | E73: 1.28 | F73: 0.77 | G73: 2.07 | H73: 705 | I73: 0 | K73: 0 | L73: 6 | M73: Validation | N73: 0 | O73: =IF(J73="",0,1) -> 0 | P73: =IF(I73=K73,0,1) -> 0
A74: 73 | B74: 45261 | C74: 59400 | D74: 11754 | E74: 0.52 | F74: 0.51 | G74: 1.23 | H74: 670 | I74: 0 | K74: 0 | L74: 12 | M74: Development | N74: 0.3 | O74: =IF(J74="",0,1) -> 0 | P74: =IF(I74=K74,0,1) -> 0
A75: 74 | B75: 44958 | C75: 19942 | D75: 34976 | E75: 1.89 | F75: 0.55 | G75: 1.87 | H75: 674 | I75: 0 | K75: 0 | L75: 12 | M75: Development | N75: 0 | O75: =IF(J75="",0,1) -> 0 | P75: =IF(I75=K75,0,1) -> 0
A76: 75 | B76: 45200 | C76: 63911 | D76: 8500 | F76: 3.8 | G76: 2.25 | H76: 668 | I76: 0 | K76: 0 | L76: 12 | M76: Development | N76: 0.35 | O76: =IF(J76="",0,1) -> 0 | P76: =IF(I76=K76,0,1) -> 0
A77: 76 | B77: 45017 | C77: 87655 | D77: 7636 | E77: 0.9 | F77: 0.91 | G77: 2.07 | H77: 733 | I77: 0 | K77: 0 | L77: 12 | M77: Development | N77: 0.3 | O77: =IF(J77="",0,1) -> 0 | P77: =IF(I77=K77,0,1) -> 0
A78: 77 | B78: 45323 | C78: 47512 | D78: 9529 | E78: 1.21 | F78: 1.56 | G78: 0.75 | H78: 703 | I78: 0 | K78: 0 | L78: 12 | M78: Validation | N78: 0.15 | O78: =IF(J78="",0,1) -> 0 | P78: =IF(I78=K78,0,1) -> 0
A79: 78 | B79: 45383 | C79: 122997 | D79: 6855 | E79: 1.45 | F79: 0.52 | G79: 1.21 | H79: 692 | I79: 0 | K79: 0 | L79: 12 | M79: Validation | N79: 0 | O79: =IF(J79="",0,1) -> 0 | P79: =IF(I79=K79,0,1) -> 0
A80: 79 | B80: 45352 | C80: 21961 | D80: 14558 | E80: 1.22 | F80: 0.52 | G80: 1.16 | H80: 610 | I80: 0 | K80: 0 | L80: 6 | M80: Validation | N80: 0 | O80: =IF(J80="",0,1) -> 0 | P80: =IF(I80=K80,0,1) -> 0
A81: 80 | B81: 45139 | C81: 16171 | D81: 41659 | E81: 0.34 | F81: 1.93 | G81: 1.62 | H81: 659 | I81: 0 | K81: 0 | L81: 12 | M81: Development | N81: 0.3 | O81: =IF(J81="",0,1) -> 0 | P81: =IF(I81=K81,0,1) -> 0
A82: 81 | B82: 45323 | C82: 11428 | D82: 16750 | E82: 2.04 | F82: 0.35 | G82: 1.73 | H82: 729 | I82: 0 | K82: 0 | L82: 12 | M82: Validation | N82: 0 | O82: =IF(J82="",0,1) -> 0 | P82: =IF(I82=K82,0,1) -> 0
A83: 82 | B83: 45597 | C83: 96031 | D83: 11196 | E83: 2.25 | F83: 0.68 | G83: 0.89 | H83: 682 | I83: 0 | K83: 0 | L83: 6 | M83: Validation | N83: 0 | O83: =IF(J83="",0,1) -> 0 | P83: =IF(I83=K83,0,1) -> 0
A84: 83 | B84: 45139 | C84: 55567 | D84: 10891 | E84: 1.91 | F84: 0.93 | G84: 1.39 | H84: 716 | I84: 0 | K84: 0 | L84: 18 | M84: Development | N84: 0 | O84: =IF(J84="",0,1) -> 0 | P84: =IF(I84=K84,0,1) -> 0
A85: 84 | B85: 45536 | C85: 35027 | D85: 4473 | E85: 0.92 | F85: 0.98 | G85: 0.24 | H85: 777 | I85: 0 | K85: 0 | L85: 18 | M85: Validation | N85: 0.45 | O85: =IF(J85="",0,1) -> 0 | P85: =IF(I85=K85,0,1) -> 0
A86: 85 | B86: 45383 | C86: 43564 | D86: 24790 | E86: 1.44 | F86: 0.8 | G86: 2.14 | H86: 737 | I86: 0 | K86: 0 | L86: 12 | M86: Validation | N86: 0 | O86: =IF(J86="",0,1) -> 0 | P86: =IF(I86=K86,0,1) -> 0
A87: 86 | B87: 45292 | C87: 17473 | D87: 12651 | E87: 1.55 | F87: 1.19 | G87: 1.07 | H87: 685 | I87: 0 | K87: 0 | L87: 12 | M87: Validation | N87: 0 | O87: =IF(J87="",0,1) -> 0 | P87: =IF(I87=K87,0,1) -> 0
A88: 87 | B88: 45444 | C88: 178036 | D88: 11774 | E88: 1.88 | F88: 1.47 | G88: 1.38 | H88: 652 | I88: 0 | K88: 0 | L88: 12 | M88: Validation | N88: 0 | O88: =IF(J88="",0,1) -> 0 | P88: =IF(I88=K88,0,1) -> 0
... A97: 96 | B97: 45108 | C97: 87075 | D97: 8369 | E97: 2.33 | F97: 0.94 | G97: 1.77 | H97: 706 | I97: 0 | K97: 0 | L97: 6 | M97: Development | N97: 0 | O97: =IF(J97="",0,1) -> 0 | P97: =IF(I97=K97,0,1) -> 0
A98: 97 | B98: 45170 | D98: 49578 | E98: 1.78 | F98: 3.42 | G98: 1.55 | H98: 774 | I98: 0 | K98: 0 | L98: 18 | M98: Development | N98: 0.35 | O98: =IF(J98="",0,1) -> 0 | P98: =IF(I98=K98,0,1) -> 0
A99: 98 | B99: 45627 | C99: 26048 | D99: 28454 | E99: 1.08 | F99: 0.47 | G99: 2.04 | H99: 675 | I99: 0 | K99: 0 | L99: 18 | M99: Validation | N99: 0 | O99: =IF(J99="",0,1) -> 0 | P99: =IF(I99=K99,0,1) -> 0
A100: 99 | B100: 44927 | C100: 19087 | D100: 9768 | E100: 2.32 | F100: 0.5 | G100: 0.98 | I100: 1 | J100: 27882 | K100: 1 | L100: 12 | M100: Development | N100: 0 | O100: =IF(J100="",0,1) -> 1 | P100: =IF(I100=K100,0,1) -> 0
A101: 100 | B101: 45261 | C101: 33464 | D101: 32752 | E101: 1.93 | F101: 1.54 | G101: 0.95 | H101: 732 | I101: 0 | K101: 0 | L101: 12 | M101: Development | N101: 0 | O101: =IF(J101="",0,1) -> 0 | P101: =IF(I101=K101,0,1) -> 0
A102: 101 | B102: 45139 | C102: 37655 | D102: 14010 | E102: 1.31 | F102: 0.31 | G102: 1.95 | H102: 635 | I102: 0 | K102: 0 | L102: 18 | M102: Development | N102: 0 | O102: =IF(J102="",0,1) -> 0 | P102: =IF(I102=K102,0,1) -> 0
A103: 102 | B103: 45627 | C103: 73956 | D103: 24269 | E103: 1.29 | F103: 0.58 | G103: 1.58 | H103: 700 | I103: 0 | K103: 0 | L103: 18 | M103: Validation | N103: 0 | O103: =IF(J103="",0,1) -> 0 | P103: =IF(I103=K103,0,1) -> 0
A104: 103 | B104: 45231 | C104: 12087 | D104: 18757 | E104: 1.71 | F104: 1.37 | G104: 0.5 | H104: 639 | I104: 0 | K104: 0 | L104: 12 | M104: Development | N104: 0.15 | O104: =IF(J104="",0,1) -> 0 | P104: =IF(I104=K104,0,1) -> 0
A105: 104 | B105: 45474 | C105: 98146 | D105: 7388 | E105: 1.8 | F105: 0.58 | G105: 1.05 | H105: 728 | I105: 0 | K105: 0 | L105: 6 | M105: Validation | N105: 0 | O105: =IF(J105="",0,1) -> 0 | P105: =IF(I105=K105,0,1) -> 0
A106: 105 | B106: 45413 | C106: 32771 | D106: 8514 | E106: 1.66 | F106: 0.77 | G106: 1.56 | H106: 688 | I106: 1 | J106: 38056 | K106: 1 | L106: 6 | M106: Validation | N106: 0 | O106: =IF(J106="",0,1) -> 1 | P106: =IF(I106=K106,0,1) -> 0
A107: 106 | B107: 45139 | C107: 27516 | D107: 27473 | E107: 1.72 | F107: 1.52 | G107: 1.81 | H107: 696 | I107: 0 | K107: 0 | L107: 12 | M107: Development | N107: 0 | O107: =IF(J107="",0,1) -> 0 | P107: =IF(I107=K107,0,1) -> 0
A108: 107 | B108: 44986 | C108: 18810 | D108: 10569 | E108: 2.48 | F108: 1.22 | G108: 0.98 | H108: 637 | I108: 0 | K108: 0 | L108: 18 | M108: Development | N108: 0 | O108: =IF(J108="",0,1) -> 0 | P108: =IF(I108=K108,0,1) -> 0
A109: 108 | B109: 44986 | C109: 12386 | D109: 10071 | E109: 2.14 | F109: 1.09 | G109: 0.1 | H109: 719 | I109: 0 | K109: 0 | L109: 18 | M109: Development | N109: 0.15 | O109: =IF(J109="",0,1) -> 0 | P109: =IF(I109=K109,0,1) -> 0
...

Sheet Missing_Value_Check
A1: Variable | B1: Missing_Count | C1: Missing_% | E1: Missing Values | F1: Missing % | H1: Variable | I1: Missing Value | J1: Missing %
A2: Customer_ID | B2: 0 | C2: 0 | E2: =COUNTBLANK(Corporate_Data!C2:C97) -> 0 | H2: Revenue | I2: =COUNTBLANK(Corporate_Data!C2:C1001) -> 25 | J2: =I2/COUNT(Corporate_Data!A2:A1001) -> 0.025
A3: Observation_Month | B3: 0 | C3: 0 | H3: DSCR | I3: =COUNTBLANK(Corporate_Data!E2:E1001) -> 30 | J3: =I3/COUNT(Corporate_Data!A2:A1001) -> 0.03
A4: Revenue | B4: 25 | C4: 0.025 | H4: Credit Score | I4: =COUNTBLANK(Corporate_Data!H2:H1001) -> 20 | J4: =I4/COUNT(Corporate_Data!A2:A1001) -> 0.02
A5: Debt | B5: 0 | C5: 0
A6: DSCR | B6: 30 | C6: 0.03
A7: Debt_to_Equity | B7: 0 | C7: 0
A8: Liquidity_Ratio | B8: 0 | C8: 0
A9: Credit_Score | B9: 20 | C9: 0.02
A10: Default_Flag | B10: 0 | C10: 0
A11: Recovery_Amount_90D | B11: 894 | C11: 0.894
A12: Default_Flag_Original | B12: 0 | C12: 0
A13: Performance_Window_Months | B13: 0 | C13: 0
A14: Population | B14: 0 | C14: 0
A15: Risk_Score | B15: 0 | C15: 0

Sheet Default_Flag_Check
A1: Customer_ID | B1: Original_Default_Flag | C1: Current_Default_Flag | D1: Mismatch
A2: 1 | B2: 0 | C2: 0 | D2: 0
A3: 2 | B3: 0 | C3: 0 | D3: 0
A4: 3 | B4: 1 | C4: 1 | D4: 0
A5: 4 | B5: 0 | C5: 0 | D5: 0
A6: 5 | B6: 0 | C6: 0 | D6: 0
A7: 6 | B7: 0 | C7: 0 | D7: 0
A8: 7 | B8: 0 | C8: 0 | D8: 0
A9: 8 | B9: 0 | C9: 0 | D9: 0
A10: 9 | B10: 0 | C10: 0 | D10: 0
A11: 10 | B11: 0 | C11: 0 | D11: 0
A12: 11 | B12: 0 | C12: 0 | D12: 0
A13: 12 | B13: 0 | C13: 0 | D13: 0
... A1001: 1000 | B1001: 0 | C1001: 0 | D1001: 0

Sheet Population_Shift
A1: Population | B1: Customers | C1: Avg_Revenue | D1: Avg_Debt | E1: Avg_DSCR | F1: Avg_Credit_Score | G1: Default_Rate
A2: Development | B2: 495 | C2: =AVERAGEIF(Corporate_Data!M2:M1001,"Development",Corporate_Data!C2:C1001) -> 46179.563 | D2: =AVERAGEIF(Corporate_Data!M2:M1001,"Development",Corporate_Data!D2:D1001) -> 17297.059 | E2: =AVERAGEIF(Corporate_Data!M2:M1001,"Development",Corporate_Data!E2:E1001) -> 1.5309034 | F2: =AVERAGEIF(Corporate_Data!M2:M1001,"Development",Corporate_Data!F2:F1001) -> 1.1149091 | G2: 0.13939394
A3: Validation | B3: 505 | C3: =AVERAGEIF(Corporate_Data!M2:M1001,"Validation",Corporate_Data!C2:C1001) -> 48072.939 | D3: =AVERAGEIF(Corporate_Data!M2:M1001,"Validation",Corporate_Data!D2:D1001) -> 16705.638 | E3: =AVERAGEIF(Corporate_Data!M2:M1001,"Validation",Corporate_Data!E2:E1001) -> 1.5665992 | F3: =AVERAGEIF(Corporate_Data!M2:M1001,"Validation",Corporate_Data!F2:F1001) -> 1.0994653 | G3: 0.12673267
A5: A | B5: B | C5: C | D5: D | E5: E | F5: F
A6: Credit Score Band | B6: Development Count | C6: Validation Count | D6: Dev % | E6: Val % | F6: PSI
A7: <600 | B7: =COUNTIFS(Corporate_Data!H:H,"<600",Corporate_Data!M:M,"Development") -> 34 | C7: =COUNTIFS(Corporate_Data!H:H,"<600",Corporate_Data!M:M,"Validation") -> 47 | D7: =B7/$B$12 -> 0.070393375 | E7: =C7/$C$12 -> 0.094567404 | F7: =(E7-D7)*LN(E7/D7) -> 0.0071365049
A8: 600–649 | B8: =COUNTIFS(Corporate_Data!$H$2:$H$1001,">=600",Corporate_Data!$H$2:$H$1001,"<650",Corporate_Data!$M$2:$M$1001,"Development") -> 112 | C8: =COUNTIFS(Corporate_Data!$H$2:$H$1001,">=600",Corporate_Data!$H$2:$H$1001,"<650",Corporate_Data!$M$2:$M$1001,"Validation") -> 105 | D8: =B8/$B$12 -> 0.23188406 | E8: =C8/$C$12 -> 0.21126761 | F8: =(E8-D8)*LN(E8/D8) -> 0.0019196369
A9: 650–699 | B9: =COUNTIFS(Corporate_Data!$H$2:$H$1001,">=650",Corporate_Data!$H$2:$H$1001,"<700",Corporate_Data!$M$2:$M$1001,"Development") -> 169 | C9: =COUNTIFS(Corporate_Data!$H$2:$H$1001,">=650",Corporate_Data!$H$2:$H$1001,"<700",Corporate_Data!$M$2:$M$1001,"Validation") -> 174 | D9: =B9/$B$12 -> 0.34989648 | E9: =C9/$C$12 -> 0.3501006 | F9: =(E9-D9)*LN(E9/D9) -> 1.1904712e-07
A10: 700–749 | B10: =COUNTIFS(Corporate_Data!$H$2:$H$1001,">=700",Corporate_Data!$H$2:$H$1001,"<750",Corporate_Data!$M$2:$M$1001,"Development") -> 117 | C10: =COUNTIFS(Corporate_Data!$H$2:$H$1001,">=700",Corporate_Data!$H$2:$H$1001,"<750",Corporate_Data!$M$2:$M$1001,"Validation") -> 119 | D10: =B10/$B$12 -> 0.24223602 | E10: =C10/$C$12 -> 0.23943662 | F10: =(E10-D10)*LN(E10/D10) -> 3.2539765e-05
A11: ≥750 | B11: =COUNTIFS(Corporate_Data!$H$2:$H$1001,">=750",Corporate_Data!$M$2:$M$1001,"Development") -> 51 | C11: =COUNTIFS(Corporate_Data!$H$2:$H$1001,">=750",Corporate_Data!$M$2:$M$1001,"Validation") -> 52 | D11: =B11/$B$12 -> 0.10559006 | E11: =C11/$C$12 -> 0.10462777 | F11: =(E11-D11)*LN(E11/D11) -> 8.8100912e-06
B12: =SUM(B7:B11) -> 483 | C12: =SUM(C7:C11) -> 497

Sheet Window_Check
A1: Performance_Window_Months | B1: Customer_Count | C1: Share
A2: 6 | B2: =COUNTIF(Corporate_Data!L2:L1001,6) -> 195 | C2: =B2/B5 -> 0.195
A3: 12 | B3: =COUNTIF(Corporate_Data!L2:L1001,12) -> 611 | C3: =B3/B5 -> 0.611
A4: 18 | B4: =COUNTIF(Corporate_Data!L2:L1001,18) -> 194 | C4: =B4/B5 -> 0.194
B5: =SUM(B2:B4) -> 1000
B6: This means (1000-611) 389 customers are not using the 12 month window
